filename,num_text_blocks,avg_confidence
receipt_00000.png,8,0.8136746110394597
receipt_00004.png,5,0.5212317346595228
receipt_00005.png,4,0.9923439249396324
receipt_00006.png,5,0.948257127031684
receipt_00007.png,4,0.7773800995200872
receipt_00008.png,3,0.8240414330114921
receipt_00010.png,4,0.9891771581023932
receipt_00011.png,1,0.9812615662813187
receipt_00012.png,7,0.8411165443914277
receipt_00014.png,4,0.7692596695947032
receipt_00015.png,6,0.887153015161554
receipt_00016.png,3,0.9182293789441852
receipt_00018.png,3,0.976108598212401
receipt_00019.png,1,0.5057772994041443
receipt_00020.png,3,0.5336634592774013
receipt_00021.png,3,0.963930274049441
receipt_00022.png,3,0.9744871978958448
receipt_00023.png,3,0.9941397234797478
receipt_00024.png,7,0.8170774914324284
receipt_00025.png,3,0.9874209289749464
receipt_00026.png,1,0.868571549654007
receipt_00027.png,4,0.9509169608354568
receipt_00028.png,3,0.9767362624406815
receipt_00029.png,6,0.8853908150146405
receipt_00030.png,2,0.7479333076626062
receipt_00031.png,5,0.969182987511158
receipt_00032.png,2,0.998935392126441
receipt_00033.png,4,0.9145529866218567
receipt_00034.png,3,0.8164449393128356
receipt_00035.png,3,0.9200470435122649
receipt_00036.png,5,0.9284832090139389
receipt_00037.png,4,0.9930436741560698
receipt_00038.png,5,0.8856838294464978
receipt_00040.png,3,0.49383073051770526
receipt_00041.png,3,0.9776026018710885
receipt_00042.png,7,0.5408786801355225
receipt_00043.png,4,0.929639789275825
receipt_00044.png,5,0.9134267687797546
receipt_00045.png,5,0.848467506468296
receipt_00046.png,4,0.9775691851973534
receipt_00047.png,4,0.9731896200100891
receipt_00048.png,3,0.9733718174199263
receipt_00049.png,2,0.7965889107435942
receipt_00050.png,4,0.6680333190597594
receipt_00051.png,5,0.9435283408936812
receipt_00052.png,3,0.9812767095863819
receipt_00053.png,4,0.6480468410009053
receipt_00054.png,3,0.8230533823370934
receipt_00055.png,3,0.9733656446139017
receipt_00056.png,6,0.8524392899125814
receipt_00057.png,4,0.8488995805382729
receipt_00058.png,1,0.9038471877574921
receipt_00059.png,6,0.7726915298650662
receipt_00062.png,5,0.9848668642342091
receipt_00063.png,5,0.7941134600434452
receipt_00064.png,3,0.880185586710771
receipt_00065.png,3,0.9780686497688293
receipt_00066.png,4,0.6395247578620911
receipt_00067.png,4,0.7999188154935837
receipt_00068.png,4,0.7363003809005022
receipt_00069.png,4,0.9695346234366298
receipt_00070.png,4,0.9728409738882107
receipt_00072.png,8,0.7804999579675496
receipt_00073.png,6,0.9483125116676092
receipt_00074.png,8,0.9486615373753011
receipt_00075.png,4,0.9010021367575973
receipt_00076.png,4,0.904661656357348
receipt_00077.png,5,0.8119070962071419
receipt_00078.png,5,0.9874783307313919
receipt_00079.png,10,0.8027385044842958
receipt_00080.png,2,0.9305274267680943
receipt_00081.png,4,0.9737167507410049
receipt_00082.png,7,0.9902604773108449
receipt_00084.png,3,0.9017180401521424
receipt_00085.png,3,0.9650903301699145
receipt_00086.png,5,0.9464623909443617
receipt_00087.png,4,0.42642621346749365
receipt_00088.png,4,0.9547413289546967
receipt_00089.png,4,0.8331173732876778
receipt_00090.png,4,0.986317896284163
receipt_00091.png,5,0.88550511226058
receipt_00092.png,6,0.9437141989668211
receipt_00093.png,5,0.6542514212429523
receipt_00094.png,6,0.8244320602195027
receipt_00095.png,3,0.5455347492049137
receipt_00096.png,3,0.9437408273418745
receipt_00097.png,5,0.9598306372761727
receipt_00098.png,6,0.780974612236605
receipt_00000.png,7,0.6623902936600956
receipt_00001.png,4,0.9298608943936415
receipt_00002.png,4,0.8127769824932329
receipt_00003.png,2,0.8003075895830989
receipt_00004.png,5,0.8648647114634513
receipt_00005.png,4,0.7990851949725766
receipt_00006.png,2,0.46705996873788536
receipt_00008.png,3,0.993047951720655
receipt_00009.png,4,0.8264781138859689
receipt_00010.png,2,0.7919243439100683
receipt_00011.png,5,0.34854780361056326
receipt_00012.png,3,0.8726390618830919
receipt_00013.png,4,0.9773328970186412
receipt_00015.png,5,0.9903930392116308
receipt_00016.png,6,0.954359712700049
receipt_00017.png,4,0.8437177585437894
receipt_00019.png,3,0.611799215756817
receipt_00020.png,6,0.9202234471946819
receipt_00021.png,6,0.7571116046359142
receipt_00022.png,4,0.8345673959702253
receipt_00023.png,1,0.9993746280670166
receipt_00024.png,6,0.9545874536658326
receipt_00026.png,4,0.9741247959900647
receipt_00027.png,4,0.7502452284097672
receipt_00028.png,7,0.687353807634541
receipt_00029.png,2,0.7656306028366089
receipt_00030.png,4,0.5814477454405278
receipt_00031.png,5,0.8741175562143326
receipt_00032.png,2,0.8804556839168072
receipt_00034.png,6,0.9926609645287195
receipt_00036.png,3,0.7812882934037285
receipt_00037.png,6,0.8877597409300506
receipt_00038.png,3,0.5275829757253329
receipt_00039.png,5,0.8018884435296059
receipt_00041.png,2,0.31094856560230255
receipt_00042.png,4,0.948955588042736
receipt_00043.png,1,0.7587606310844421
receipt_00044.png,5,0.8207963574677706
receipt_00045.png,3,0.8656647155682246
receipt_00046.png,4,0.8430654010735452
receipt_00047.png,5,0.6023294776678085
receipt_00048.png,3,0.7689291621597173
receipt_00049.png,3,0.5075251683592796
receipt_00050.png,5,0.764839430898428
receipt_00051.png,3,0.9869092294247821
receipt_00052.png,3,0.7464894149452448
receipt_00054.png,6,0.9682466283751031
receipt_00055.png,4,0.9325499748811126
receipt_00056.png,8,0.7555780729162507
receipt_00057.png,4,0.9123526681214571
receipt_00058.png,5,0.9067991272546351
receipt_00060.png,5,0.8800061624497175
receipt_00061.png,4,0.770629845559597
receipt_00062.png,7,0.8036901221743652
receipt_00063.png,2,0.9789842403988587
receipt_00064.png,4,0.8575153909623623
receipt_00065.png,3,0.951826691022621
receipt_00066.png,4,0.9270650174003094
receipt_00067.png,5,0.9909810364246369
receipt_00068.png,4,0.7938689574657474
receipt_00069.png,4,0.9835105873644352
receipt_00070.png,8,0.953614350873977
receipt_00071.png,9,0.508421746806966
receipt_00072.png,7,0.7307684198021889
receipt_00073.png,5,0.7553208321332932
receipt_00074.png,3,0.9689594010512034
receipt_00075.png,5,0.8406184505511192
receipt_00076.png,4,0.9208313077688217
receipt_00077.png,6,0.8525452152922904
receipt_00078.png,2,0.9484705398790538
receipt_00080.png,3,0.8364703748375177
receipt_00081.png,6,0.8080592229962349
receipt_00082.png,1,0.8303775601089001
receipt_00083.png,3,0.8776147986451784
receipt_00084.png,6,0.8252877605458101
receipt_00085.png,2,0.9929258022457361
receipt_00086.png,8,0.9097964428365231
receipt_00087.png,3,0.904705664763848
receipt_00088.png,4,0.7938136290758848
receipt_00089.png,5,0.6604624420404435
receipt_00090.png,4,0.9810785008594394
receipt_00091.png,3,0.7150986095269521
receipt_00092.png,4,0.7796704396605492
receipt_00093.png,3,0.9757233032335838
receipt_00094.png,8,0.7101994954864495
receipt_00095.png,4,0.979572469368577
receipt_00096.png,3,0.9401730503886938
receipt_00097.png,4,0.9797300193458796
receipt_00098.png,5,0.8310683338902891
receipt_00099.png,4,0.9704736615531147
receipt_00100.png,4,0.9555775858461857
receipt_00101.png,3,0.9959312745680412
receipt_00102.png,1,0.4814258720725775
receipt_00103.png,4,0.7736797039813919
receipt_00105.png,1,0.9258234463632107
receipt_00106.png,6,0.8037279415875673
receipt_00107.png,5,0.9464637495577335
receipt_00108.png,6,0.9508259159823259
receipt_00109.png,5,0.9067991272546351
receipt_00110.png,8,0.9674645569175482
receipt_00111.png,4,0.8802485493943095
receipt_00112.png,4,0.9072432033717632
receipt_00113.png,5,0.7635985136032104
receipt_00114.png,6,0.9339504556264728
receipt_00115.png,2,0.6947233949322253
receipt_00116.png,4,0.9231606530956924
receipt_00118.png,5,0.8632390331476927
receipt_00119.png,4,0.9372593834996223
receipt_00120.png,5,0.8471338897943497
receipt_00121.png,2,0.8233909904956818
receipt_00122.png,6,0.7821375010535121
receipt_00124.png,6,0.5920615356275718
receipt_00125.png,4,0.9833830846473575
receipt_00126.png,2,0.9905569702386856
receipt_00127.png,4,0.8440339621156454
receipt_00128.png,3,0.9910593777894974
receipt_00129.png,4,0.9573270715773106
receipt_00130.png,4,0.9933878630399704
receipt_00131.png,6,0.911258525835971
receipt_00132.png,8,0.8769547690753825
receipt_00133.png,3,0.9933386122186979
receipt_00134.png,2,0.9277640501968563
receipt_00135.png,5,0.5829725687392056
receipt_00136.png,4,0.7841845350340009
receipt_00137.png,5,0.9608640678226947
receipt_00139.png,7,0.8347932281238692
receipt_00140.png,5,0.8159329995512963
receipt_00141.png,6,0.8508098026116689
receipt_00142.png,5,0.9503797916695476
receipt_00143.png,3,0.9845496087024609
receipt_00144.png,6,0.9346387889236212
receipt_00145.png,3,0.9067180721710125
receipt_00146.png,4,0.7681535110168625
receipt_00147.png,4,0.6176466234028339
receipt_00148.png,6,0.9846910138924917
receipt_00149.png,3,0.5176687328213241
receipt_00150.png,5,0.9708595003932714
receipt_00151.png,4,0.9700719728134573
receipt_00152.png,6,0.7285662119587263
receipt_00153.png,4,0.8745527062565088
receipt_00154.png,3,0.9732383737961451
receipt_00155.png,4,0.9050707379356027
receipt_00157.png,4,0.9826033478602767
receipt_00158.png,3,0.85940440526853
receipt_00159.png,4,0.9012564988806844
receipt_00160.png,4,0.7792002155911177
receipt_00161.png,3,0.6143118801216284
receipt_00162.png,2,0.9855313400730665
receipt_00163.png,3,0.9958368521183729
receipt_00164.png,3,0.8411664385348558
receipt_00165.png,2,0.904931262601167
receipt_00166.png,4,0.9428472463041544
receipt_00167.png,2,0.4842810183763504
receipt_00168.png,4,0.9573409273289144
receipt_00169.png,7,0.7429644108882972
receipt_00170.png,6,0.8846002668142319
receipt_00171.png,4,0.9814648600295186
receipt_00172.png,5,0.896355363726616
receipt_00173.png,4,0.9506187308579683
receipt_00174.png,2,0.9849395547062159
receipt_00175.png,4,0.8508195742033422
receipt_00176.png,2,0.9804390482604504
receipt_00177.png,4,0.9677356481552124
receipt_00178.png,3,0.7117523948351542
receipt_00179.png,5,0.6231534902006388
receipt_00180.png,5,0.7136183490860276
receipt_00181.png,5,0.7914906954392791
receipt_00182.png,3,0.8068747650831938
receipt_00183.png,3,0.6251769661903381
receipt_00184.png,3,0.99381248280406
receipt_00185.png,7,0.6250453230542397
receipt_00186.png,7,0.8701943925448826
receipt_00187.png,6,0.8312147110700607
receipt_00188.png,7,0.5336057501179832
receipt_00189.png,3,0.9269271890322367
receipt_00190.png,4,0.8623082113917917
receipt_00192.png,3,0.925783014545838
receipt_00193.png,4,0.8857550969114527
receipt_00194.png,7,0.9529417646782739
receipt_00195.png,4,0.984865378588438
receipt_00196.png,3,0.6943163766215245
receipt_00197.png,2,0.7023389940150082
receipt_00198.png,2,0.9364627404138446
receipt_00199.png,4,0.9896089760586619
receipt_00200.png,4,0.768804706633091
receipt_00201.png,5,0.7627909831237047
receipt_00202.png,8,0.8067854503169656
receipt_00204.png,5,0.9652723133563995
receipt_00205.png,3,0.8645855449140072
receipt_00206.png,4,0.6945505071198568
receipt_00207.png,2,0.7319648787379265
receipt_00209.png,3,0.9803443004687628
receipt_00210.png,7,0.9742732111896787
receipt_00211.png,7,0.9581304847129753
receipt_00212.png,7,0.6106594659920249
receipt_00213.png,2,0.9733163928613067
receipt_00214.png,5,0.4956357304006815
receipt_00215.png,2,0.6049833842553198
receipt_00216.png,2,0.715968482196331
receipt_00217.png,4,0.7034512422978878
receipt_00218.png,3,0.7234254231831679
receipt_00219.png,3,0.6960725396832762
receipt_00220.png,2,0.7221250873990357
receipt_00221.png,3,0.978348278750976
receipt_00223.png,4,0.9785954225808382
receipt_00224.png,4,0.8030217903433368
receipt_00225.png,5,0.9760115563869476
receipt_00227.png,7,0.5912427175790071
receipt_00228.png,4,0.9835680825635791
receipt_00229.png,3,0.9617590941488743
receipt_00230.png,4,0.9940224869624217
receipt_00232.png,4,0.7676274754630867
receipt_00233.png,3,0.9922291353965799
receipt_00234.png,4,0.8897497616708279
receipt_00235.png,3,0.8384743108423814
receipt_00236.png,3,0.861479040235281
receipt_00237.png,4,0.9891200391575694
receipt_00239.png,5,0.8126604518154636
receipt_00240.png,4,0.5730362627655268
receipt_00241.png,7,0.8992604790255427
receipt_00242.png,2,0.9257147088646889
receipt_00243.png,5,0.9657081549055875
receipt_00244.png,4,0.8860977413132787
receipt_00245.png,3,0.7797503092636665
receipt_00246.png,4,0.9841936235316098
receipt_00247.png,5,0.6095217287540435
receipt_00248.png,4,0.9053580146282911
receipt_00251.png,4,0.6680333190597594
receipt_00252.png,6,0.8491900470107794
receipt_00253.png,2,0.7417500552633953
receipt_00254.png,5,0.9425067885252247
receipt_00255.png,5,0.8241924751549959
receipt_00256.png,2,0.8502671122550964
receipt_00257.png,5,0.8520673327147961
receipt_00258.png,5,0.8977656424045563
receipt_00260.png,5,0.9459000185597688
receipt_00261.png,3,0.7978568589896895
receipt_00262.png,3,0.9846176646339396
receipt_00263.png,2,0.8429109454154968
receipt_00264.png,3,0.9688317850511036
receipt_00265.png,4,0.994975637178868
receipt_00266.png,3,0.7493659221070844
receipt_00267.png,3,0.7265567382176717
receipt_00268.png,4,0.988964875228703
receipt_00269.png,2,0.7852028645575047
receipt_00270.png,4,0.7527103228494525
receipt_00271.png,3,0.987388608045876
receipt_00272.png,5,0.620837540179491
receipt_00273.png,6,0.8922375862797102
receipt_00274.png,4,0.9413173198699951
receipt_00275.png,4,0.913268833886832
receipt_00276.png,2,0.9299746481701732
receipt_00277.png,4,0.9079800247155871
receipt_00278.png,3,0.8931790379186472
receipt_00279.png,9,0.8553203642368317
receipt_00280.png,3,0.9353554984554648
receipt_00281.png,4,0.9969454417005181
receipt_00282.png,4,0.7967842593789101
receipt_00283.png,6,0.896779882411162
receipt_00285.png,4,0.994975637178868
receipt_00286.png,1,0.6686834096908569
receipt_00287.png,6,0.9964316387971243
receipt_00288.png,4,0.6877658599987626
receipt_00291.png,1,0.982990775257349
receipt_00292.png,7,0.8955205423491341
receipt_00293.png,5,0.8372232037541835
receipt_00294.png,4,0.9794381938991137
receipt_00295.png,4,0.7679591786582023
receipt_00296.png,3,0.9779286213840047
receipt_00297.png,3,0.9145240627783219
receipt_00298.png,3,0.9797557242951976
receipt_00299.png,2,0.9764105556532741
receipt_00300.png,3,0.732292347898086
receipt_00301.png,9,0.8822755763928095
receipt_00302.png,7,0.858271469229034
receipt_00303.png,5,0.6117715941289278
receipt_00304.png,3,0.944895579945296
receipt_00305.png,3,0.9879852092514435
receipt_00306.png,5,0.7972715966403484
receipt_00307.png,5,0.9141616888344288
receipt_00308.png,2,0.6596018364652991
receipt_00309.png,4,0.7543146088719368
receipt_00310.png,7,0.7171612339360374
receipt_00311.png,4,0.8733803168870509
receipt_00312.png,2,0.9984357357025146
receipt_00313.png,6,0.8526545477410158
receipt_00314.png,6,0.8471363087495168
receipt_00315.png,5,0.9908408164978028
receipt_00316.png,5,0.9120076306164264
receipt_00317.png,3,0.8094739268223444
receipt_00318.png,3,0.9751205941041311
receipt_00319.png,5,0.6249876625835895
receipt_00320.png,3,0.9595076441764832
receipt_00321.png,4,0.883827608942731
receipt_00322.png,6,0.8916860489019504
receipt_00323.png,4,0.8727772068232298
receipt_00324.png,5,0.9789812207221985
receipt_00325.png,3,0.9187339805066586
receipt_00326.png,4,0.994822733104229
receipt_00327.png,7,0.8030546956828662
receipt_00328.png,6,0.9324059641609589
receipt_00329.png,3,0.9065070648988088
receipt_00330.png,5,0.8100964576005936
receipt_00331.png,6,0.6849596326549848
receipt_00332.png,2,0.8903212336372235
receipt_00333.png,5,0.931245456635952
receipt_00334.png,2,0.9704665692988783
receipt_00335.png,3,0.78472318003575
receipt_00336.png,4,0.9903656095266342
receipt_00337.png,3,0.7590763370196024
receipt_00338.png,4,0.9487575143575668
receipt_00339.png,4,0.7975757326930761
receipt_00340.png,5,0.727321519702673
receipt_00341.png,3,0.9825162674921254
receipt_00342.png,5,0.8515507590025664
receipt_00343.png,4,0.993222443619743
receipt_00344.png,2,0.878087118268013
receipt_00345.png,4,0.9985791919752955
receipt_00346.png,5,0.8320926785469055
receipt_00348.png,5,0.9094611153006553
receipt_00349.png,4,0.9952039349664119
receipt_00350.png,6,0.797164615864555
receipt_00351.png,5,0.9420491361990571
receipt_00352.png,6,0.9150683362580215
receipt_00354.png,10,0.8310588769614696
receipt_00355.png,2,0.9749344745650887
receipt_00356.png,6,0.7990370889504751
receipt_00357.png,7,0.814212527392166
receipt_00359.png,3,0.9079417613102123
receipt_00360.png,4,0.7948808767832816
receipt_00361.png,4,0.9118752304057125
receipt_00362.png,6,0.7548399992568496
receipt_00363.png,7,0.7307836328233991
receipt_00364.png,3,0.8618232456879108
receipt_00365.png,5,0.8367932769702747
receipt_00366.png,7,0.9032336851315839
receipt_00367.png,5,0.6876359798014164
receipt_00368.png,5,0.9296545863151551
receipt_00369.png,2,0.6566437091678381
receipt_00370.png,6,0.9210115460058054
receipt_00371.png,4,0.8045857017859817
receipt_00372.png,6,0.8220788097629944
receipt_00373.png,4,0.9709603053051978
receipt_00374.png,2,0.9877755772322416
receipt_00375.png,5,0.7143392455298454
receipt_00376.png,3,0.8701344194511572
receipt_00377.png,5,0.9776812791824341
receipt_00379.png,5,0.9719923795084469
receipt_00380.png,5,0.8936873435974121
receipt_00381.png,4,0.9332732763141394
receipt_00382.png,6,0.7867525940140089
receipt_00383.png,2,0.863370812498033
receipt_00384.png,4,0.9574947655200958
receipt_00385.png,5,0.8535469073336571
receipt_00386.png,7,0.5419527347871086
receipt_00387.png,4,0.9677542708814144
receipt_00388.png,4,0.938147817772915
receipt_00389.png,6,0.8565055417517821
receipt_00390.png,5,0.841887789964676
receipt_00391.png,5,0.9652285173535347
receipt_00392.png,5,0.7068185083568096
receipt_00393.png,5,0.8239670472219587
receipt_00394.png,7,0.884460125883509
receipt_00395.png,4,0.9865243209642358
receipt_00396.png,4,0.9257899392396212
receipt_00398.png,3,0.749251532057921
receipt_00399.png,4,0.9838116513565183
